index,char,unicode,row,col,LIndex,VIndex,TIndex,choseong,jungseong,jongseong,has_final,vowel_group,L_component,V_component,T_component
1,가,U+AC00,0,0,0,0,0,ㄱ,ㅏ,,False,vertical,,,
2,값,U+AC12,0,1,0,0,18,ㄱ,ㅏ,ㅄ,True,vertical,,,
3,갗,U+AC17,0,2,0,0,23,ㄱ,ㅏ,ㅊ,True,vertical,,,
4,갚,U+AC1A,0,3,0,0,26,ㄱ,ㅏ,ㅍ,True,vertical,,,
5,갡,U+AC21,0,4,0,1,5,ㄱ,ㅐ,ㄵ,True,vertical,,,
6,갸,U+AC38,0,5,0,2,0,ㄱ,ㅑ,,False,vertical,,,
7,걔,U+AC54,0,6,0,3,0,ㄱ,ㅒ,,False,vertical,,,
8,겝,U+AC9D,0,7,0,5,17,ㄱ,ㅔ,ㅂ,True,vertical,,,
9,겨,U+ACA8,0,8,0,6,0,ㄱ,ㅕ,,False,vertical,,,
10,겪,U+ACAA,0,9,0,6,2,ㄱ,ㅕ,ㄲ,True,vertical,,,
11,고,U+ACE0,0,10,0,8,0,ㄱ,ㅗ,,False,horizontal,,,
12,과,U+ACFC,0,11,0,9,0,ㄱ,ㅘ,,False,mixed,,,
13,괌,U+AD0C,1,0,0,9,16,ㄱ,ㅘ,ㅁ,True,mixed,,,
14,괘,U+AD18,1,1,0,10,0,ㄱ,ㅙ,,False,mixed,,,
15,괯,U+AD2F,1,2,0,10,23,ㄱ,ㅙ,ㅊ,True,mixed,,,
16,굉,U+AD49,1,3,0,11,21,ㄱ,ㅚ,ㅇ,True,mixed,,,
17,교,U+AD50,1,4,0,12,0,ㄱ,ㅛ,,False,horizontal,,,
18,굢,U+AD62,1,5,0,12,18,ㄱ,ㅛ,ㅄ,True,horizontal,,,
19,궂,U+AD82,1,6,0,13,22,ㄱ,ㅜ,ㅈ,True,horizontal,,,
20,귀,U+ADC0,1,7,0,16,0,ㄱ,ㅟ,,False,mixed,,,
21,귓,U+ADD3,1,8,0,16,19,ㄱ,ㅟ,ㅅ,True,mixed,,,
22,규,U+ADDC,1,9,0,17,0,ㄱ,ㅠ,,False,horizontal,,,
23,귧,U+ADE7,1,10,0,17,11,ㄱ,ㅠ,ㄼ,True,horizontal,,,
24,급,U+AE09,1,11,0,18,17,ㄱ,ㅡ,ㅂ,True,horizontal,,,
25,긔,U+AE14,2,0,0,19,0,ㄱ,ㅢ,,False,mixed,,,
26,긠,U+AE20,2,1,0,19,12,ㄱ,ㅢ,ㄽ,True,mixed,,,
27,깊,U+AE4A,2,2,0,20,26,ㄱ,ㅣ,ㅍ,True,vertical,,,
28,깍,U+AE4D,2,3,1,0,1,ㄲ,ㅏ,ㄱ,True,vertical,,,
29,깨,U+AE68,2,4,1,1,0,ㄲ,ㅐ,,False,vertical,,,
30,꺒,U+AE92,2,5,1,2,14,ㄲ,ㅑ,ㄿ,True,vertical,,,
31,꾀,U+AF80,2,6,1,11,0,ㄲ,ㅚ,,False,mixed,,,
32,꾜,U+AF9C,2,7,1,12,0,ㄲ,ㅛ,,False,horizontal,,,
33,꾸,U+AFB8,2,8,1,13,0,ㄲ,ㅜ,,False,horizontal,,,
34,꿔,U+AFD4,2,9,1,14,0,ㄲ,ㅝ,,False,mixed,,,
35,뀙,U+B019,2,10,1,16,13,ㄲ,ㅟ,ㄾ,True,mixed,,,
36,끊,U+B04A,2,11,1,18,6,ㄲ,ㅡ,ㄶ,True,horizontal,,,
37,너,U+B108,3,0,2,4,0,ㄴ,ㅓ,,False,vertical,,,
38,넋,U+B10B,3,1,2,4,3,ㄴ,ㅓ,ㄳ,True,vertical,,,
39,놓,U+B193,3,2,2,8,27,ㄴ,ㅗ,ㅎ,True,horizontal,,,
40,놔,U+B194,3,3,2,9,0,ㄴ,ㅘ,,False,mixed,,,
41,누,U+B204,3,4,2,13,0,ㄴ,ㅜ,,False,horizontal,,,
42,눠,U+B220,3,5,2,14,0,ㄴ,ㅝ,,False,mixed,,,
43,뉂,U+B242,3,6,2,15,6,ㄴ,ㅞ,ㄶ,True,mixed,,,
44,느,U+B290,3,7,2,18,0,ㄴ,ㅡ,,False,horizontal,,,
45,늙,U+B299,3,8,2,18,9,ㄴ,ㅡ,ㄺ,True,horizontal,,,
46,닰,U+B2F0,3,9,3,0,12,ㄷ,ㅏ,ㄽ,True,vertical,,,
47,닳,U+B2F3,3,10,3,0,15,ㄷ,ㅏ,ㅀ,True,vertical,,,
48,닿,U+B2FF,3,11,3,0,27,ㄷ,ㅏ,ㅎ,True,vertical,,,
49,댐,U+B310,4,0,3,1,16,ㄷ,ㅐ,ㅁ,True,vertical,,,
50,더,U+B354,4,1,3,4,0,ㄷ,ㅓ,,False,vertical,,,
51,돋,U+B3CB,4,2,3,8,7,ㄷ,ㅗ,ㄷ,True,horizontal,,,
52,돐,U+B3D0,4,3,3,8,12,ㄷ,ㅗ,ㄽ,True,horizontal,,,
53,두,U+B450,4,4,3,13,0,ㄷ,ㅜ,,False,horizontal,,,
54,뒊,U+B48A,4,5,3,15,2,ㄷ,ㅞ,ㄲ,True,mixed,,,
55,뒤,U+B4A4,4,6,3,16,0,ㄷ,ㅟ,,False,mixed,,,
56,드,U+B4DC,4,7,3,18,0,ㄷ,ㅡ,,False,horizontal,,,
57,듸,U+B4F8,4,8,3,19,0,ㄷ,ㅢ,,False,mixed,,,
58,떫,U+B5AB,4,9,4,4,11,ㄸ,ㅓ,ㄼ,True,vertical,,,
59,떻,U+B5BB,4,10,4,4,27,ㄸ,ㅓ,ㅎ,True,vertical,,,
60,뗘,U+B5D8,4,11,4,6,0,ㄸ,ㅕ,,False,vertical,,,
61,또,U+B610,5,0,4,8,0,ㄸ,ㅗ,,False,horizontal,,,
62,뙈,U+B648,5,1,4,10,0,ㄸ,ㅙ,,False,mixed,,,
63,뙣,U+B663,5,2,4,10,27,ㄸ,ㅙ,ㅎ,True,mixed,,,
64,뚜,U+B69C,5,3,4,13,0,ㄸ,ㅜ,,False,horizontal,,,
65,뚫,U+B6AB,5,4,4,13,15,ㄸ,ㅜ,ㅀ,True,horizontal,,,
66,뛰,U+B6F0,5,5,4,16,0,ㄸ,ㅟ,,False,mixed,,,
67,랐,U+B790,5,6,5,0,20,ㄹ,ㅏ,ㅆ,True,vertical,,,
68,레,U+B808,5,7,5,5,0,ㄹ,ㅔ,,False,vertical,,,
69,로,U+B85C,5,8,5,8,0,ㄹ,ㅗ,,False,horizontal,,,
70,롼,U+B87C,5,9,5,9,4,ㄹ,ㅘ,ㄴ,True,mixed,,,
71,뢰,U+B8B0,5,10,5,11,0,ㄹ,ㅚ,,False,mixed,,,
72,뤄,U+B904,5,11,5,14,0,ㄹ,ㅝ,,False,mixed,,,
73,류,U+B958,6,0,5,17,0,ㄹ,ㅠ,,False,horizontal,,,
74,릎,U+B98E,6,1,5,18,26,ㄹ,ㅡ,ㅍ,True,horizontal,,,
75,맏,U+B9CF,6,2,6,0,7,ㅁ,ㅏ,ㄷ,True,vertical,,,
76,맑,U+B9D1,6,3,6,0,9,ㅁ,ㅏ,ㄺ,True,vertical,,,
77,맞,U+B9DE,6,4,6,0,22,ㅁ,ㅏ,ㅈ,True,vertical,,,
78,맠,U+B9E0,6,5,6,0,24,ㅁ,ㅏ,ㅋ,True,vertical,,,
79,맺,U+B9FA,6,6,6,1,22,ㅁ,ㅐ,ㅈ,True,vertical,,,
80,멂,U+BA42,6,7,6,4,10,ㅁ,ㅓ,ㄻ,True,vertical,,,
81,며,U+BA70,6,8,6,6,0,ㅁ,ㅕ,,False,vertical,,,
82,몫,U+BAAB,6,9,6,8,3,ㅁ,ㅗ,ㄳ,True,horizontal,,,
83,뫫,U+BAEB,6,10,6,10,11,ㅁ,ㅙ,ㄼ,True,mixed,,,
84,뫼,U+BAFC,6,11,6,11,0,ㅁ,ㅚ,,False,mixed,,,
85,묘,U+BB18,7,0,6,12,0,ㅁ,ㅛ,,False,horizontal,,,
86,무,U+BB34,7,1,6,13,0,ㅁ,ㅜ,,False,horizontal,,,
87,묶,U+BB36,7,2,6,13,2,ㅁ,ㅜ,ㄲ,True,horizontal,,,
88,뭬,U+BB6C,7,3,6,15,0,ㅁ,ㅞ,,False,mixed,,,
89,및,U+BC0F,7,4,6,20,23,ㅁ,ㅣ,ㅊ,True,vertical,,,
90,밞,U+BC1E,7,5,7,0,10,ㅂ,ㅏ,ㄻ,True,vertical,,,
91,뱉,U+BC49,7,6,7,1,25,ㅂ,ㅐ,ㅌ,True,vertical,,,
92,벧,U+BCA7,7,7,7,5,7,ㅂ,ㅔ,ㄷ,True,vertical,,,
93,볘,U+BCD8,7,8,7,7,0,ㅂ,ㅖ,,False,vertical,,,
94,복,U+BCF5,7,9,7,8,1,ㅂ,ㅗ,ㄱ,True,horizontal,,,
95,봐,U+BD10,7,10,7,9,0,ㅂ,ㅘ,,False,mixed,,,
96,붜,U+BD9C,7,11,7,14,0,ㅂ,ㅝ,,False,mixed,,,
97,붰,U+BDB0,8,0,7,14,20,ㅂ,ㅝ,ㅆ,True,mixed,,,
98,뷰,U+BDF0,8,1,7,17,0,ㅂ,ㅠ,,False,horizontal,,,
99,브,U+BE0C,8,2,7,18,0,ㅂ,ㅡ,,False,horizontal,,,
100,뼈,U+BF08,8,3,8,6,0,ㅃ,ㅕ,,False,vertical,,,
101,뼭,U+BF2D,8,4,8,7,9,ㅃ,ㅖ,ㄺ,True,vertical,,,
102,뽀,U+BF40,8,5,8,8,0,ㅃ,ㅗ,,False,horizontal,,,
103,뾔,U+BF94,8,6,8,11,0,ㅃ,ㅚ,,False,mixed,,,
104,뿅,U+BFC5,8,7,8,12,21,ㅃ,ㅛ,ㅇ,True,horizontal,,,
105,뿌,U+BFCC,8,8,8,13,0,ㅃ,ㅜ,,False,horizontal,,,
106,뿨,U+BFE8,8,9,8,14,0,ㅃ,ㅝ,,False,mixed,,,
107,쀑,U+C011,8,10,8,15,13,ㅃ,ㅞ,ㄾ,True,mixed,,,
108,샵,U+C0F5,8,11,9,2,17,ㅅ,ㅑ,ㅂ,True,vertical,,,
109,샷,U+C0F7,9,0,9,2,19,ㅅ,ㅑ,ㅅ,True,vertical,,,
110,서,U+C11C,9,1,9,4,0,ㅅ,ㅓ,,False,vertical,,,
111,솥,U+C1A5,9,2,9,8,25,ㅅ,ㅗ,ㅌ,True,horizontal,,,
112,쇄,U+C1C4,9,3,9,10,0,ㅅ,ㅙ,,False,mixed,,,
113,쇱,U+C1F1,9,4,9,11,17,ㅅ,ㅚ,ㅂ,True,mixed,,,
114,쇼,U+C1FC,9,5,9,12,0,ㅅ,ㅛ,,False,horizontal,,,
115,수,U+C218,9,6,9,13,0,ㅅ,ㅜ,,False,horizontal,,,
116,쉬,U+C26C,9,7,9,16,0,ㅅ,ㅟ,,False,mixed,,,
117,싻,U+C2FB,9,8,10,0,3,ㅆ,ㅏ,ㄳ,True,vertical,,,
118,쌀,U+C300,9,9,10,0,8,ㅆ,ㅏ,ㄹ,True,vertical,,,
119,쌔,U+C314,9,10,10,1,0,ㅆ,ㅐ,,False,vertical,,,
120,쏘,U+C3D8,9,11,10,8,0,ㅆ,ㅗ,,False,horizontal,,,
121,쏴,U+C3F4,10,0,10,9,0,ㅆ,ㅘ,,False,mixed,,,
122,쐚,U+C41A,10,1,10,10,10,ㅆ,ㅙ,ㄻ,True,mixed,,,
123,쑜,U+C45C,10,2,10,12,20,ㅆ,ㅛ,ㅆ,True,horizontal,,,
124,쑤,U+C464,10,3,10,13,0,ㅆ,ㅜ,,False,horizontal,,,
125,쒜,U+C49C,10,4,10,15,0,ㅆ,ㅞ,,False,mixed,,,
126,앉,U+C549,10,5,11,0,5,ㅇ,ㅏ,ㄵ,True,vertical,,,
127,얇,U+C587,10,6,11,2,11,ㅇ,ㅑ,ㄼ,True,vertical,,,
128,얕,U+C595,10,7,11,2,25,ㅇ,ㅑ,ㅌ,True,vertical,,,
129,어,U+C5B4,10,8,11,4,0,ㅇ,ㅓ,,False,vertical,,,
130,얹,U+C5B9,10,9,11,4,5,ㅇ,ㅓ,ㄵ,True,vertical,,,
131,얽,U+C5BD,10,10,11,4,9,ㅇ,ㅓ,ㄺ,True,vertical,,,
132,엌,U+C5CC,10,11,11,4,24,ㅇ,ㅓ,ㅋ,True,vertical,,,
133,엣,U+C5E3,11,0,11,5,19,ㅇ,ㅔ,ㅅ,True,vertical,,,
134,엾,U+C5FE,11,1,11,6,18,ㅇ,ㅕ,ㅄ,True,vertical,,,
135,옅,U+C605,11,2,11,6,25,ㅇ,ㅕ,ㅌ,True,vertical,,,
136,옐,U+C610,11,3,11,7,8,ㅇ,ㅖ,ㄹ,True,vertical,,,
137,옻,U+C63B,11,4,11,8,23,ㅇ,ㅗ,ㅊ,True,horizontal,,,
138,외,U+C678,11,5,11,11,0,ㅇ,ㅚ,,False,mixed,,,
139,우,U+C6B0,11,6,11,13,0,ㅇ,ㅜ,,False,horizontal,,,
140,워,U+C6CC,11,7,11,14,0,ㅇ,ㅝ,,False,mixed,,,
141,으,U+C73C,11,8,11,18,0,ㅇ,ㅡ,,False,horizontal,,,
142,읊,U+C74A,11,9,11,18,14,ㅇ,ㅡ,ㄿ,True,horizontal,,,
143,읔,U+C754,11,10,11,18,24,ㅇ,ㅡ,ㅋ,True,horizontal,,,
144,읠,U+C760,11,11,11,19,8,ㅇ,ㅢ,ㄹ,True,mixed,,,
145,잃,U+C783,12,0,11,20,15,ㅇ,ㅣ,ㅀ,True,vertical,,,
146,잰,U+C7B0,12,1,12,1,4,ㅈ,ㅐ,ㄴ,True,vertical,,,
147,쟤,U+C7E4,12,2,12,3,0,ㅈ,ㅒ,,False,vertical,,,
148,점,U+C810,12,3,12,4,16,ㅈ,ㅓ,ㅁ,True,vertical,,,
149,젖,U+C816,12,4,12,4,22,ㅈ,ㅓ,ㅈ,True,vertical,,,
150,조,U+C870,12,5,12,8,0,ㅈ,ㅗ,,False,horizontal,,,
151,좌,U+C88C,12,6,12,9,0,ㅈ,ㅘ,,False,mixed,,,
152,좼,U+C8BC,12,7,12,10,20,ㅈ,ㅙ,ㅆ,True,mixed,,,
153,주,U+C8FC,12,8,12,13,0,ㅈ,ㅜ,,False,horizontal,,,
154,줆,U+C906,12,9,12,13,10,ㅈ,ㅜ,ㄻ,True,horizontal,,,
155,줘,U+C918,12,10,12,14,0,ㅈ,ㅝ,,False,mixed,,,
156,쪮,U+CAAE,12,11,13,7,14,ㅉ,ㅖ,ㄿ,True,vertical,,,
157,쪼,U+CABC,13,0,13,8,0,ㅉ,ㅗ,,False,horizontal,,,
158,쫌,U+CACC,13,1,13,8,16,ㅉ,ㅗ,ㅁ,True,horizontal,,,
159,쫴,U+CAF4,13,2,13,10,0,ㅉ,ㅙ,,False,mixed,,,
160,쬀,U+CB00,13,3,13,10,12,ㅉ,ㅙ,ㄽ,True,mixed,,,
161,쭤,U+CB64,13,4,13,14,0,ㅉ,ㅝ,,False,mixed,,,
162,쮸,U+CBB8,13,5,13,17,0,ㅉ,ㅠ,,False,horizontal,,,
163,찌,U+CC0C,13,6,13,20,0,ㅉ,ㅣ,,False,vertical,,,
164,챦,U+CC66,13,7,14,2,6,ㅊ,ㅑ,ㄶ,True,vertical,,,
165,쳬,U+CCEC,13,8,14,7,0,ㅊ,ㅖ,,False,vertical,,,
166,촤,U+CD24,13,9,14,9,0,ㅊ,ㅘ,,False,mixed,,,
167,추,U+CD94,13,10,14,13,0,ㅊ,ㅜ,,False,horizontal,,,
168,춰,U+CDB0,13,11,14,14,0,ㅊ,ㅝ,,False,mixed,,,
169,췏,U+CDCF,14,0,14,15,3,ㅊ,ㅞ,ㄳ,True,mixed,,,
170,츉,U+CE09,14,1,14,17,5,ㅊ,ㅠ,ㄵ,True,horizontal,,,
171,츠,U+CE20,14,2,14,18,0,ㅊ,ㅡ,,False,horizontal,,,
172,캐,U+CE90,14,3,15,1,0,ㅋ,ㅐ,,False,vertical,,,
173,컁,U+CEC1,14,4,15,2,21,ㅋ,ㅑ,ㅇ,True,vertical,,,
174,컗,U+CED7,14,5,15,3,15,ㅋ,ㅒ,ㅀ,True,vertical,,,
175,커,U+CEE4,14,6,15,4,0,ㅋ,ㅓ,,False,vertical,,,
176,컫,U+CEEB,14,7,15,4,7,ㅋ,ㅓ,ㄷ,True,vertical,,,
177,케,U+CF00,14,8,15,5,0,ㅋ,ㅔ,,False,vertical,,,
178,켸,U+CF38,14,9,15,7,0,ㅋ,ㅖ,,False,vertical,,,
179,콊,U+CF4A,14,10,15,7,18,ㅋ,ㅖ,ㅄ,True,vertical,,,
180,콜,U+CF5C,14,11,15,8,8,ㅋ,ㅗ,ㄹ,True,horizontal,,,
181,쾨,U+CFA8,15,0,15,11,0,ㅋ,ㅚ,,False,mixed,,,
182,쿠,U+CFE0,15,1,15,13,0,ㅋ,ㅜ,,False,horizontal,,,
183,쿼,U+CFFC,15,2,15,14,0,ㅋ,ㅝ,,False,mixed,,,
184,퀊,U+D00A,15,3,15,14,14,ㅋ,ㅝ,ㄿ,True,mixed,,,
185,퀘,U+D018,15,4,15,15,0,ㅋ,ㅞ,,False,mixed,,,
186,퀲,U+D032,15,5,15,15,26,ㅋ,ㅞ,ㅍ,True,mixed,,,
187,크,U+D06C,15,6,15,18,0,ㅋ,ㅡ,,False,horizontal,,,
188,키,U+D0A4,15,7,15,20,0,ㅋ,ㅣ,,False,vertical,,,
189,킥,U+D0A5,15,8,15,20,1,ㅋ,ㅣ,ㄱ,True,vertical,,,
190,타,U+D0C0,15,9,16,0,0,ㅌ,ㅏ,,False,vertical,,,
191,턬,U+D12C,15,10,16,3,24,ㅌ,ㅒ,ㅋ,True,vertical,,,
192,톼,U+D1BC,15,11,16,9,0,ㅌ,ㅘ,,False,mixed,,,
193,퇸,U+D1F8,16,0,16,11,4,ㅌ,ㅚ,ㄴ,True,mixed,,,
194,툐,U+D210,16,1,16,12,0,ㅌ,ㅛ,,False,horizontal,,,
195,퉈,U+D248,16,2,16,14,0,ㅌ,ㅝ,,False,mixed,,,
196,튜,U+D29C,16,3,16,17,0,ㅌ,ㅠ,,False,horizontal,,,
197,틋,U+D2CB,16,4,16,18,19,ㅌ,ㅡ,ㅅ,True,horizontal,,,
198,파,U+D30C,16,5,17,0,0,ㅍ,ㅏ,,False,vertical,,,
199,팎,U+D30E,16,6,17,0,2,ㅍ,ㅏ,ㄲ,True,vertical,,,
200,푀,U+D440,16,7,17,11,0,ㅍ,ㅚ,,False,mixed,,,
201,푆,U+D446,16,8,17,11,6,ㅍ,ㅚ,ㄶ,True,mixed,,,
202,표,U+D45C,16,9,17,12,0,ㅍ,ㅛ,,False,horizontal,,,
203,푸,U+D478,16,10,17,13,0,ㅍ,ㅜ,,False,horizontal,,,
204,퓌,U+D4CC,16,11,17,16,0,ㅍ,ㅟ,,False,mixed,,,
205,픈,U+D508,17,0,17,18,4,ㅍ,ㅡ,ㄴ,True,horizontal,,,
206,핥,U+D565,17,1,18,0,13,ㅎ,ㅏ,ㄾ,True,vertical,,,
207,햐,U+D590,17,2,18,2,0,ㅎ,ㅑ,,False,vertical,,,
208,호,U+D638,17,3,18,8,0,ㅎ,ㅗ,,False,horizontal,,,
209,홅,U+D645,17,4,18,8,13,ㅎ,ㅗ,ㄾ,True,horizontal,,,
210,홱,U+D671,17,5,18,10,1,ㅎ,ㅙ,ㄱ,True,mixed,,,
211,후,U+D6C4,17,6,18,13,0,ㅎ,ㅜ,,False,horizontal,,,
212,훼,U+D6FC,17,7,18,15,0,ㅎ,ㅞ,,False,mixed,,,
213,휑,U+D711,17,8,18,15,21,ㅎ,ㅞ,ㅇ,True,mixed,,,
214,희,U+D76C,17,9,18,19,0,ㅎ,ㅢ,,False,mixed,,,
