order,font_id,display_name,font_path
1,001_font,가람연꽃,C:\Users\ccomet0810\Documents\GitHub\handwriting-to-ai-font\clova-all\clova-all\가람연꽃\나눔손글씨 가람연꽃.ttf
2,002_font,갈맷글,C:\Users\ccomet0810\Documents\GitHub\handwriting-to-ai-font\clova-all\clova-all\갈맷글\나눔손글씨 갈맷글.ttf
3,003_font,갈혜준체,C:\Users\ccomet0810\Documents\GitHub\handwriting-to-ai-font\clova-all\clova-all\갈혜준체\나눔손글씨 혜준체.ttf
4,004_font,강부장님체,C:\Users\ccomet0810\Documents\GitHub\handwriting-to-ai-font\clova-all\clova-all\강부장님체\나눔손글씨 강부장님체.ttf
5,005_font,강인한_위로,C:\Users\ccomet0810\Documents\GitHub\handwriting-to-ai-font\clova-all\clova-all\강인한_위로\나눔손글씨 강인한 위로.ttf
6,006_font,고딕_아니고_고딩,C:\Users\ccomet0810\Documents\GitHub\handwriting-to-ai-font\clova-all\clova-all\고딕_아니고_고딩\나눔손글씨 고딕 아니고 고딩.ttf
7,007_font,고려글꼴,C:\Users\ccomet0810\Documents\GitHub\handwriting-to-ai-font\clova-all\clova-all\고려글꼴\나눔손글씨 고려글꼴.ttf
8,008_font,곰신체,C:\Users\ccomet0810\Documents\GitHub\handwriting-to-ai-font\clova-all\clova-all\곰신체\나눔손글씨 곰신체.ttf
9,009_font,규리의_일기,C:\Users\ccomet0810\Documents\GitHub\handwriting-to-ai-font\clova-all\clova-all\규리의_일기\나눔손글씨 규리의 일기.ttf
10,010_font,금은보화,C:\Users\ccomet0810\Documents\GitHub\handwriting-to-ai-font\clova-all\clova-all\금은보화\나눔손글씨 금은보화.ttf
11,011_font,기쁨밝음,C:\Users\ccomet0810\Documents\GitHub\handwriting-to-ai-font\clova-all\clova-all\기쁨밝음\나눔손글씨 기쁨밝음.ttf
12,012_font,김유이체,C:\Users\ccomet0810\Documents\GitHub\handwriting-to-ai-font\clova-all\clova-all\김유이체\나눔손글씨 김유이체.ttf
13,013_font,꽃내음,C:\Users\ccomet0810\Documents\GitHub\handwriting-to-ai-font\clova-all\clova-all\꽃내음\나눔손글씨 꽃내음.ttf
14,014_font,끄트머리체,C:\Users\ccomet0810\Documents\GitHub\handwriting-to-ai-font\clova-all\clova-all\끄트머리체\나눔손글씨 끄트머리체.ttf
15,015_font,나는_이겨낸다,C:\Users\ccomet0810\Documents\GitHub\handwriting-to-ai-font\clova-all\clova-all\나는_이겨낸다\나눔손글씨 나는 이겨낸다.ttf
16,016_font,나무정원,C:\Users\ccomet0810\Documents\GitHub\handwriting-to-ai-font\clova-all\clova-all\나무정원\나눔손글씨 나무정원.ttf
17,017_font,나의_아내_손글씨,C:\Users\ccomet0810\Documents\GitHub\handwriting-to-ai-font\clova-all\clova-all\나의_아내_손글씨\나눔손글씨 나의 아내 손글씨.ttf
18,018_font,노력하는_동희,C:\Users\ccomet0810\Documents\GitHub\handwriting-to-ai-font\clova-all\clova-all\노력하는_동희\나눔손글씨 노력하는 동희.ttf
19,019_font,느릿느릿체,C:\Users\ccomet0810\Documents\GitHub\handwriting-to-ai-font\clova-all\clova-all\느릿느릿체\나눔손글씨 느릿느릿체.ttf
20,020_font,다시_시작해,C:\Users\ccomet0810\Documents\GitHub\handwriting-to-ai-font\clova-all\clova-all\다시_시작해\나눔손글씨 다시 시작해.ttf
21,021_font,다진체,C:\Users\ccomet0810\Documents\GitHub\handwriting-to-ai-font\clova-all\clova-all\다진체\나눔손글씨 다진체.ttf
22,022_font,다채사랑,C:\Users\ccomet0810\Documents\GitHub\handwriting-to-ai-font\clova-all\clova-all\다채사랑\나눔손글씨 다채사랑.ttf
23,023_font,다행체,C:\Users\ccomet0810\Documents\GitHub\handwriting-to-ai-font\clova-all\clova-all\다행체\나눔손글씨 다행체.ttf
24,024_font,달의궤도,C:\Users\ccomet0810\Documents\GitHub\handwriting-to-ai-font\clova-all\clova-all\달의궤도\나눔손글씨 달의궤도.ttf
25,025_font,대광유리,C:\Users\ccomet0810\Documents\GitHub\handwriting-to-ai-font\clova-all\clova-all\대광유리\나눔손글씨 대광유리.ttf
26,026_font,대한민국_열사체,C:\Users\ccomet0810\Documents\GitHub\handwriting-to-ai-font\clova-all\clova-all\대한민국_열사체\나눔손글씨 대한민국 열사체.ttf
27,027_font,동화또박,C:\Users\ccomet0810\Documents\GitHub\handwriting-to-ai-font\clova-all\clova-all\동화또박\나눔손글씨 동화또박.ttf
28,028_font,둥근인연,C:\Users\ccomet0810\Documents\GitHub\handwriting-to-ai-font\clova-all\clova-all\둥근인연\나눔손글씨 둥근인연.ttf
29,029_font,따뜻한_작별,C:\Users\ccomet0810\Documents\GitHub\handwriting-to-ai-font\clova-all\clova-all\따뜻한_작별\나눔손글씨 따뜻한 작별.ttf
30,030_font,따악단단,C:\Users\ccomet0810\Documents\GitHub\handwriting-to-ai-font\clova-all\clova-all\따악단단\나눔손글씨 따악단단.ttf
31,031_font,딸에게_엄마가,C:\Users\ccomet0810\Documents\GitHub\handwriting-to-ai-font\clova-all\clova-all\딸에게_엄마가\나눔손글씨 딸에게 엄마가.ttf
32,032_font,또박또박,C:\Users\ccomet0810\Documents\GitHub\handwriting-to-ai-font\clova-all\clova-all\또박또박\나눔손글씨 또박또박.ttf
33,033_font,마고체,C:\Users\ccomet0810\Documents\GitHub\handwriting-to-ai-font\clova-all\clova-all\마고체\나눔손글씨 마고체.ttf
34,034_font,맛있는체,C:\Users\ccomet0810\Documents\GitHub\handwriting-to-ai-font\clova-all\clova-all\맛있는체\나눔손글씨 맛있는체.ttf
35,035_font,몽돌,C:\Users\ccomet0810\Documents\GitHub\handwriting-to-ai-font\clova-all\clova-all\몽돌\나눔손글씨 몽돌.ttf
36,036_font,무궁화,C:\Users\ccomet0810\Documents\GitHub\handwriting-to-ai-font\clova-all\clova-all\무궁화\나눔손글씨 무궁화.ttf
37,037_font,무진장체,C:\Users\ccomet0810\Documents\GitHub\handwriting-to-ai-font\clova-all\clova-all\무진장체\나눔손글씨 무진장체.ttf
38,038_font,미니_손글씨,C:\Users\ccomet0810\Documents\GitHub\handwriting-to-ai-font\clova-all\clova-all\미니_손글씨\나눔손글씨 미니 손글씨.ttf
39,039_font,미래나무,C:\Users\ccomet0810\Documents\GitHub\handwriting-to-ai-font\clova-all\clova-all\미래나무\나눔손글씨 미래나무.ttf
40,040_font,바른정신,C:\Users\ccomet0810\Documents\GitHub\handwriting-to-ai-font\clova-all\clova-all\바른정신\나눔손글씨 바른정신.ttf
41,041_font,바른히피,C:\Users\ccomet0810\Documents\GitHub\handwriting-to-ai-font\clova-all\clova-all\바른히피\나눔손글씨 바른히피.ttf
42,042_font,반짝반짝_별,C:\Users\ccomet0810\Documents\GitHub\handwriting-to-ai-font\clova-all\clova-all\반짝반짝_별\나눔손글씨 반짝반짝 별.ttf
43,043_font,배은혜체,C:\Users\ccomet0810\Documents\GitHub\handwriting-to-ai-font\clova-all\clova-all\배은혜체\나눔손글씨 배은혜체.ttf
44,044_font,백의의_천사,C:\Users\ccomet0810\Documents\GitHub\handwriting-to-ai-font\clova-all\clova-all\백의의_천사\나눔손글씨 백의의 천사.ttf
45,045_font,버드나무,C:\Users\ccomet0810\Documents\GitHub\handwriting-to-ai-font\clova-all\clova-all\버드나무\나눔손글씨 버드나무.ttf
46,046_font,범솜체,C:\Users\ccomet0810\Documents\GitHub\handwriting-to-ai-font\clova-all\clova-all\범솜체\나눔손글씨 범솜체.ttf
47,047_font,부장님_눈치체,C:\Users\ccomet0810\Documents\GitHub\handwriting-to-ai-font\clova-all\clova-all\부장님_눈치체\나눔손글씨 부장님 눈치체.ttf
48,048_font,북극성,C:\Users\ccomet0810\Documents\GitHub\handwriting-to-ai-font\clova-all\clova-all\북극성\나눔손글씨 북극성.ttf
49,049_font,비상체,C:\Users\ccomet0810\Documents\GitHub\handwriting-to-ai-font\clova-all\clova-all\비상체\나눔손글씨 비상체.ttf
50,050_font,빵구니맘_손글씨,C:\Users\ccomet0810\Documents\GitHub\handwriting-to-ai-font\clova-all\clova-all\빵구니맘_손글씨\나눔손글씨 빵구니맘 손글씨.ttf
51,051_font,사랑해_아들,C:\Users\ccomet0810\Documents\GitHub\handwriting-to-ai-font\clova-all\clova-all\사랑해_아들\나눔손글씨 사랑해 아들.ttf
52,052_font,상해찬미체,C:\Users\ccomet0810\Documents\GitHub\handwriting-to-ai-font\clova-all\clova-all\상해찬미체\나눔손글씨 상해찬미체.ttf
53,053_font,성실체,C:\Users\ccomet0810\Documents\GitHub\handwriting-to-ai-font\clova-all\clova-all\성실체\나눔손글씨 성실체.ttf
54,054_font,세계적인_한글,C:\Users\ccomet0810\Documents\GitHub\handwriting-to-ai-font\clova-all\clova-all\세계적인_한글\나눔손글씨 세계적인 한글.ttf
55,055_font,세아체,C:\Users\ccomet0810\Documents\GitHub\handwriting-to-ai-font\clova-all\clova-all\세아체\나눔손글씨 세아체.ttf
56,056_font,세화체,C:\Users\ccomet0810\Documents\GitHub\handwriting-to-ai-font\clova-all\clova-all\세화체\나눔손글씨 세화체.ttf
57,057_font,소미체,C:\Users\ccomet0810\Documents\GitHub\handwriting-to-ai-font\clova-all\clova-all\소미체\나눔손글씨 소미체.ttf
58,058_font,소방관의_기도,C:\Users\ccomet0810\Documents\GitHub\handwriting-to-ai-font\clova-all\clova-all\소방관의_기도\나눔손글씨 소방관의 기도.ttf
59,059_font,손편지체,C:\Users\ccomet0810\Documents\GitHub\handwriting-to-ai-font\clova-all\clova-all\손편지체\나눔손글씨 손편지체.ttf
60,060_font,수줍은_대학생,C:\Users\ccomet0810\Documents\GitHub\handwriting-to-ai-font\clova-all\clova-all\수줍은_대학생\나눔손글씨 수줍은 대학생.ttf
61,061_font,시우_귀여워,C:\Users\ccomet0810\Documents\GitHub\handwriting-to-ai-font\clova-all\clova-all\시우_귀여워\나눔손글씨 시우 귀여워.ttf
62,062_font,신혼부부,C:\Users\ccomet0810\Documents\GitHub\handwriting-to-ai-font\clova-all\clova-all\신혼부부\나눔손글씨 신혼부부.ttf
63,063_font,아기사랑체,C:\Users\ccomet0810\Documents\GitHub\handwriting-to-ai-font\clova-all\clova-all\아기사랑체\나눔손글씨 아기사랑체.ttf
64,064_font,아름드리_꽃나무,C:\Users\ccomet0810\Documents\GitHub\handwriting-to-ai-font\clova-all\clova-all\아름드리_꽃나무\나눔손글씨 아름드리 꽃나무.ttf
65,065_font,아빠글씨,C:\Users\ccomet0810\Documents\GitHub\handwriting-to-ai-font\clova-all\clova-all\아빠글씨\나눔손글씨 아빠글씨.ttf
66,066_font,아빠의_연애편지,C:\Users\ccomet0810\Documents\GitHub\handwriting-to-ai-font\clova-all\clova-all\아빠의_연애편지\나눔손글씨 아빠의 연애편지.ttf
67,067_font,아인맘_손글씨,C:\Users\ccomet0810\Documents\GitHub\handwriting-to-ai-font\clova-all\clova-all\아인맘_손글씨\나눔손글씨 아인맘 손글씨.ttf
68,068_font,아줌마_자유,C:\Users\ccomet0810\Documents\GitHub\handwriting-to-ai-font\clova-all\clova-all\아줌마_자유\나눔손글씨 아줌마 자유.ttf
69,069_font,안쌍체,C:\Users\ccomet0810\Documents\GitHub\handwriting-to-ai-font\clova-all\clova-all\안쌍체\나눔손글씨 안쌍체.ttf
70,070_font,암스테르담,C:\Users\ccomet0810\Documents\GitHub\handwriting-to-ai-font\clova-all\clova-all\암스테르담\나눔손글씨 암스테르담.ttf
71,071_font,야근하는_김주임,C:\Users\ccomet0810\Documents\GitHub\handwriting-to-ai-font\clova-all\clova-all\야근하는_김주임\나눔손글씨 야근하는 김주임.ttf
72,072_font,야채장수_백금례,C:\Users\ccomet0810\Documents\GitHub\handwriting-to-ai-font\clova-all\clova-all\야채장수_백금례\나눔손글씨 야채장수 백금례.ttf
73,073_font,엄마사랑,C:\Users\ccomet0810\Documents\GitHub\handwriting-to-ai-font\clova-all\clova-all\엄마사랑\나눔손글씨 엄마사랑.ttf
74,074_font,엉겅퀴체,C:\Users\ccomet0810\Documents\GitHub\handwriting-to-ai-font\clova-all\clova-all\엉겅퀴체\나눔손글씨 엉겅퀴체.ttf
75,075_font,여름글씨,C:\Users\ccomet0810\Documents\GitHub\handwriting-to-ai-font\clova-all\clova-all\여름글씨\나눔손글씨 여름글씨.ttf
76,076_font,연지체,C:\Users\ccomet0810\Documents\GitHub\handwriting-to-ai-font\clova-all\clova-all\연지체\나눔손글씨 연지체.ttf
77,077_font,열아홉의_반짝임,C:\Users\ccomet0810\Documents\GitHub\handwriting-to-ai-font\clova-all\clova-all\열아홉의_반짝임\나눔손글씨 열아홉의 반짝임.ttf
78,078_font,열일체,C:\Users\ccomet0810\Documents\GitHub\handwriting-to-ai-font\clova-all\clova-all\열일체\나눔손글씨 열일체.ttf
79,079_font,예당체,C:\Users\ccomet0810\Documents\GitHub\handwriting-to-ai-font\clova-all\clova-all\예당체\나눔손글씨 예당체.ttf
80,080_font,예쁜_민경체,C:\Users\ccomet0810\Documents\GitHub\handwriting-to-ai-font\clova-all\clova-all\예쁜_민경체\나눔손글씨 예쁜 민경체.ttf
81,081_font,옥비체,C:\Users\ccomet0810\Documents\GitHub\handwriting-to-ai-font\clova-all\clova-all\옥비체\나눔손글씨 옥비체.ttf
82,082_font,와일드,C:\Users\ccomet0810\Documents\GitHub\handwriting-to-ai-font\clova-all\clova-all\와일드\나눔손글씨 와일드.ttf
83,083_font,외할머니글씨,C:\Users\ccomet0810\Documents\GitHub\handwriting-to-ai-font\clova-all\clova-all\외할머니글씨\나눔손글씨 외할머니글씨 (1).ttf
84,084_font,왼손잡이도_예뻐,C:\Users\ccomet0810\Documents\GitHub\handwriting-to-ai-font\clova-all\clova-all\왼손잡이도_예뻐\나눔손글씨 왼손잡이도 예뻐 (1).ttf
85,085_font,우리딸_손글씨,C:\Users\ccomet0810\Documents\GitHub\handwriting-to-ai-font\clova-all\clova-all\우리딸_손글씨\나눔손글씨 우리딸 손글씨.ttf
86,086_font,유니_띵땅띵땅,C:\Users\ccomet0810\Documents\GitHub\handwriting-to-ai-font\clova-all\clova-all\유니_띵땅띵땅\나눔손글씨 유니 띵땅띵땅.ttf
87,087_font,의미있는_한글,C:\Users\ccomet0810\Documents\GitHub\handwriting-to-ai-font\clova-all\clova-all\의미있는_한글\나눔손글씨 의미있는 한글.ttf
88,088_font,자부심지우,C:\Users\ccomet0810\Documents\GitHub\handwriting-to-ai-font\clova-all\clova-all\자부심지우\나눔손글씨 자부심지우.ttf
89,089_font,잘하고_있어,C:\Users\ccomet0810\Documents\GitHub\handwriting-to-ai-font\clova-all\clova-all\잘하고_있어\나눔손글씨 잘하고 있어.ttf
90,090_font,장미체,C:\Users\ccomet0810\Documents\GitHub\handwriting-to-ai-font\clova-all\clova-all\장미체\나눔손글씨 장미체.ttf
91,091_font,점꼴체,C:\Users\ccomet0810\Documents\GitHub\handwriting-to-ai-font\clova-all\clova-all\점꼴체\나눔손글씨 점꼴체.ttf
92,092_font,정은체,C:\Users\ccomet0810\Documents\GitHub\handwriting-to-ai-font\clova-all\clova-all\정은체\나눔손글씨 정은체.ttf
93,093_font,중학생,C:\Users\ccomet0810\Documents\GitHub\handwriting-to-ai-font\clova-all\clova-all\중학생\나눔손글씨 중학생.ttf
94,094_font,진주_박경아체,C:\Users\ccomet0810\Documents\GitHub\handwriting-to-ai-font\clova-all\clova-all\진주_박경아체\나눔손글씨 진주 박경아체.ttf
95,095_font,철필글씨,C:\Users\ccomet0810\Documents\GitHub\handwriting-to-ai-font\clova-all\clova-all\철필글씨\나눔손글씨 철필글씨.ttf
96,096_font,초딩희망,C:\Users\ccomet0810\Documents\GitHub\handwriting-to-ai-font\clova-all\clova-all\초딩희망\나눔손글씨 초딩희망.ttf
97,097_font,칼국수,C:\Users\ccomet0810\Documents\GitHub\handwriting-to-ai-font\clova-all\clova-all\칼국수\나눔손글씨 칼국수.ttf
98,098_font,코코체,C:\Users\ccomet0810\Documents\GitHub\handwriting-to-ai-font\clova-all\clova-all\코코체\나눔손글씨 코코체.ttf
99,099_font,하나되어_손글씨,C:\Users\ccomet0810\Documents\GitHub\handwriting-to-ai-font\clova-all\clova-all\하나되어_손글씨\나눔손글씨 하나되어 손글씨.ttf
100,100_font,하나손글씨,C:\Users\ccomet0810\Documents\GitHub\handwriting-to-ai-font\clova-all\clova-all\하나손글씨\나눔손글씨 하나손글씨.ttf
101,101_font,하람체,C:\Users\ccomet0810\Documents\GitHub\handwriting-to-ai-font\clova-all\clova-all\하람체\나눔손글씨 하람체.ttf
102,102_font,한윤체,C:\Users\ccomet0810\Documents\GitHub\handwriting-to-ai-font\clova-all\clova-all\한윤체\나눔손글씨 한윤체.ttf
103,103_font,할아버지의나눔,C:\Users\ccomet0810\Documents\GitHub\handwriting-to-ai-font\clova-all\clova-all\할아버지의나눔\나눔손글씨 할아버지의나눔.ttf
104,104_font,행복한_도비,C:\Users\ccomet0810\Documents\GitHub\handwriting-to-ai-font\clova-all\clova-all\행복한_도비\나눔손글씨 행복한 도비.ttf
105,105_font,혁이체,C:\Users\ccomet0810\Documents\GitHub\handwriting-to-ai-font\clova-all\clova-all\혁이체\나눔손글씨 혁이체.ttf
106,106_font,효남_늘_화이팅,C:\Users\ccomet0810\Documents\GitHub\handwriting-to-ai-font\clova-all\clova-all\효남_늘_화이팅\나눔손글씨 효남 늘 화이팅.ttf
107,107_font,희망누리,C:\Users\ccomet0810\Documents\GitHub\handwriting-to-ai-font\clova-all\clova-all\희망누리\나눔손글씨 희망누리.ttf
108,108_font,흰꼬리수리,C:\Users\ccomet0810\Documents\GitHub\handwriting-to-ai-font\clova-all\clova-all\흰꼬리수리\나눔손글씨 흰꼬리수리.ttf
109,109_font,힘내라는_말보단,C:\Users\ccomet0810\Documents\GitHub\handwriting-to-ai-font\clova-all\clova-all\힘내라는_말보단\나눔손글씨 힘내라는 말보단.ttf
